image_name,age,gender
image_1.jpg,31,Man
image_2.jpg,31,Man
image_3.jpg,31,Man
image_4.jpg,31,Man
image_5.jpg,31,Man
image_6.jpg,31,Man
image_7.jpg,31,Man
image_8.jpg,31,Man
image_9.jpg,31,Man
image_10.jpg,31,Man
image_11.jpg,31,Man
image_12.jpg,31,Man
image_13.jpg,31,Man
image_14.jpg,31,Man
image_15.jpg,31,Man
image_16.jpg,31,Man
image_17.jpg,31,Man
image_18.jpg,31,Man
image_19.jpg,31,Man
image_20.jpg,31,Man
image_21.jpg,31,Man
image_22.jpg,31,Man
image_23.jpg,31,Man
image_24.jpg,31,Man
image_25.jpg,31,Man
image_26.jpg,31,Man
image_27.jpg,31,Man
image_28.jpg,31,Man
image_29.jpg,31,Man
image_30.jpg,31,Man
image_31.jpg,31,Man
image_32.jpg,31,Man
image_33.jpg,31,Man
image_34.jpg,31,Man
image_35.jpg,31,Man
image_36.jpg,31,Man
image_37.jpg,31,Man
image_38.jpg,31,Man
image_39.jpg,31,Man
image_40.jpg,31,Man
image_41.jpg,31,Man
image_42.jpg,31,Man
image_43.jpg,31,Man
image_44.jpg,31,Man
image_45.jpg,31,Man
image_46.jpg,31,Man
image_47.jpg,31,Man
image_48.jpg,31,Man
image_49.jpg,31,Man
image_50.jpg,31,Man
image_51.jpg,31,Man
image_52.jpg,31,Man
image_53.jpg,31,Man
image_54.jpg,31,Man
image_55.jpg,31,Man
image_56.jpg,31,Man
image_57.jpg,31,Man
image_58.jpg,31,Man
image_59.jpg,31,Man
image_60.jpg,31,Man
image_61.jpg,31,Man
image_62.jpg,31,Man
image_63.jpg,31,Man
image_64.jpg,31,Man
image_65.jpg,31,Man
image_66.jpg,31,Man
image_67.jpg,31,Man
image_68.jpg,31,Man
image_69.jpg,31,Man
image_70.jpg,31,Man
image_71.jpg,31,Man
image_72.jpg,31,Man
image_73.jpg,31,Man
image_74.jpg,31,Man
image_75.jpg,31,Man
image_76.jpg,31,Man
image_77.jpg,31,Man
image_78.jpg,31,Man
image_79.jpg,31,Man
image_80.jpg,31,Man
image_81.jpg,31,Man
image_82.jpg,31,Man
image_83.jpg,31,Man
image_84.jpg,31,Man
image_85.jpg,31,Man
image_86.jpg,31,Man
image_87.jpg,31,Man
image_88.jpg,31,Man
image_89.jpg,31,Man
image_90.jpg,31,Man
image_91.jpg,31,Man
image_92.jpg,31,Man
image_93.jpg,31,Man
image_94.jpg,31,Man
image_95.jpg,31,Man
image_96.jpg,31,Man
image_97.jpg,31,Man
image_98.jpg,31,Man
image_99.jpg,31,Man
image_100.jpg,31,Man
image_101.jpg,31,Man
image_102.jpg,31,Man
image_103.jpg,31,Man
